name,time


Unknown Person, 21:22  PM,20/12/2023
Unknown Person, 21:25  PM,20/12/2023
Unknown Person, 21:27  PM,20/12/2023
Unknown Person, 21:37  PM,20/12/2023
Unknown Person, 21:37  PM,20/12/2023
Unknown Person, 21:37  PM,20/12/2023
Unknown Person, 21:37  PM,20/12/2023
Unknown Person, 21:37  PM,20/12/2023
Unknown Person, 21:37  PM,20/12/2023
Unknown Person, 21:37  PM,20/12/2023
Unknown Person, 21:37  PM,20/12/2023
Unknown Person, 21:37  PM,20/12/2023
Unknown Person, 21:37  PM,20/12/2023
Unknown Person, 21:37  PM,20/12/2023
Unknown Person, 21:37  PM,20/12/2023
Unknown Person, 21:37  PM,20/12/2023
Unknown Person, 21:38  PM,20/12/2023
Unknown Person, 21:38  PM,20/12/2023
Unknown Person, 21:38  PM,20/12/2023
Unknown Person, 21:38  PM,20/12/2023
Unknown Person, 21:38  PM,20/12/2023
Unknown Person, 21:38  PM,20/12/2023
Unknown Person, 21:38  PM,20/12/2023
Unknown Person, 21:38  PM,20/12/2023
Unknown Person, 21:38  PM,20/12/2023
Unknown Person, 21:38  PM,20/12/2023
Unknown Person, 21:38  PM,20/12/2023
Unknown Person, 21:38  PM,20/12/2023
Unknown Person, 21:38  PM,20/12/2023
Unknown Person, 21:38  PM,20/12/2023
Unknown Person, 21:38  PM,20/12/2023
Unknown Person, 21:38  PM,20/12/2023
Unknown Person, 21:38  PM,20/12/2023
Unknown Person, 21:38  PM,20/12/2023
Unknown Person, 21:38  PM,20/12/2023
Unknown Person, 21:38  PM,20/12/2023
Unknown Person, 21:38  PM,20/12/2023
Unknown Person, 21:38  PM,20/12/2023
Unknown Person, 21:39  PM,20/12/2023
Unknown Person, 21:39  PM,20/12/2023
Unknown Person, 21:39  PM,20/12/2023
Unknown Person, 21:39  PM,20/12/2023
Unknown Person, 21:39  PM,20/12/2023
Unknown Person, 21:39  PM,20/12/2023
Unknown Person, 21:39  PM,20/12/2023
Unknown Person, 21:39  PM,20/12/2023
Unknown Person, 21:39  PM,20/12/2023
Unknown Person, 21:39  PM,20/12/2023
Unknown Person, 21:39  PM,20/12/2023
Unknown Person, 21:39  PM,20/12/2023
Unknown Person, 21:39  PM,20/12/2023
Unknown Person, 21:39  PM,20/12/2023
Unknown Person, 21:39  PM,20/12/2023
Unknown Person, 21:39  PM,20/12/2023
Unknown Person, 21:39  PM,20/12/2023
Unknown Person, 21:40  PM,20/12/2023
Unknown Person, 21:40  PM,20/12/2023
Unknown Person, 21:40  PM,20/12/2023
Unknown Person, 21:40  PM,20/12/2023
Unknown Person, 21:40  PM,20/12/2023
Unknown Person, 21:40  PM,20/12/2023
Unknown Person, 21:40  PM,20/12/2023
Unknown Person, 21:40  PM,20/12/2023
Unknown Person, 21:40  PM,20/12/2023
Unknown Person, 21:40  PM,20/12/2023
Unknown Person, 21:40  PM,20/12/2023
Unknown Person, 21:40  PM,20/12/2023
Unknown Person, 21:40  PM,20/12/2023
Unknown Person, 21:40  PM,20/12/2023
Unknown Person, 21:40  PM,20/12/2023
Unknown Person, 21:40  PM,20/12/2023
Unknown Person, 21:41  PM,20/12/2023
Unknown Person, 21:41  PM,20/12/2023
Unknown Person, 21:41  PM,20/12/2023
Unknown Person, 21:41  PM,20/12/2023
Unknown Person, 21:41  PM,20/12/2023
Unknown Person, 21:41  PM,20/12/2023
Unknown Person, 21:41  PM,20/12/2023
Unknown Person, 21:41  PM,20/12/2023
Unknown Person, 21:41  PM,20/12/2023
Unknown Person, 21:41  PM,20/12/2023
Unknown Person, 21:41  PM,20/12/2023
Unknown Person, 21:41  PM,20/12/2023
Unknown Person, 21:41  PM,20/12/2023
Unknown Person, 21:41  PM,20/12/2023
Unknown Person, 21:42  PM,20/12/2023
Unknown Person, 21:42  PM,20/12/2023
Unknown Person, 21:42  PM,20/12/2023
Unknown Person, 21:42  PM,20/12/2023
Unknown Person, 21:43  PM,20/12/2023
Unknown Person, 21:43  PM,20/12/2023
Unknown Person, 21:43  PM,20/12/2023
Unknown Person, 21:43  PM,20/12/2023
Unknown Person, 21:43  PM,20/12/2023
Unknown Person, 21:43  PM,20/12/2023
Unknown Person, 21:43  PM,20/12/2023
Unknown Person, 21:43  PM,20/12/2023
Unknown Person, 21:43  PM,20/12/2023
Unknown Person, 21:43  PM,20/12/2023
Unknown Person, 21:43  PM,20/12/2023
Unknown Person, 21:43  PM,20/12/2023
Unknown Person, 21:43  PM,20/12/2023
Unknown Person, 21:43  PM,20/12/2023
Unknown Person, 21:45  PM,20/12/2023
Unknown Person, 21:45  PM,20/12/2023
Unknown Person, 21:45  PM,20/12/2023
Unknown Person, 21:45  PM,20/12/2023
Unknown Person, 21:45  PM,20/12/2023
Unknown Person, 21:45  PM,20/12/2023
Unknown Person, 21:45  PM,20/12/2023
Unknown Person, 21:45  PM,20/12/2023
Unknown Person, 21:45  PM,20/12/2023
Unknown Person, 21:45  PM,20/12/2023
Unknown Person, 21:45  PM,20/12/2023
Unknown Person, 21:45  PM,20/12/2023
Unknown Person, 21:45  PM,20/12/2023
Unknown Person, 21:45  PM,20/12/2023
Unknown Person, 21:45  PM,20/12/2023
Unknown Person, 21:45  PM,20/12/2023
Unknown Person, 21:45  PM,20/12/2023
Unknown Person, 21:45  PM,20/12/2023
Unknown Person, 21:45  PM,20/12/2023
Unknown Person, 21:45  PM,20/12/2023
Unknown Person, 21:45  PM,20/12/2023
Unknown Person, 21:45  PM,20/12/2023
Unknown Person, 21:45  PM,20/12/2023
Unknown Person, 21:45  PM,20/12/2023
Unknown Person, 21:45  PM,20/12/2023
Unknown Person, 21:45  PM,20/12/2023
Unknown Person, 21:45  PM,20/12/2023
Unknown Person, 21:45  PM,20/12/2023
Unknown Person, 21:45  PM,20/12/2023
Unknown Person, 21:46  PM,20/12/2023
Unknown Person, 21:46  PM,20/12/2023
Unknown Person, 21:46  PM,20/12/2023
Unknown Person, 21:46  PM,20/12/2023
Unknown Person, 21:46  PM,20/12/2023
Unknown Person, 21:46  PM,20/12/2023
Unknown Person, 21:46  PM,20/12/2023
Unknown Person, 21:46  PM,20/12/2023
Unknown Person, 21:46  PM,20/12/2023
Unknown Person, 21:46  PM,20/12/2023
Unknown Person, 21:46  PM,20/12/2023
Unknown Person, 21:46  PM,20/12/2023
Unknown Person, 21:46  PM,20/12/2023
Unknown Person, 21:46  PM,20/12/2023
Unknown Person, 21:46  PM,20/12/2023
Unknown Person, 21:46  PM,20/12/2023
Unknown Person, 21:46  PM,20/12/2023
Unknown Person, 21:46  PM,20/12/2023
Unknown Person, 21:46  PM,20/12/2023
Unknown Person, 21:46  PM,20/12/2023
Unknown Person, 21:46  PM,20/12/2023
Unknown Person, 21:46  PM,20/12/2023
Unknown Person, 21:46  PM,20/12/2023
Unknown Person, 21:46  PM,20/12/2023
Unknown Person, 21:46  PM,20/12/2023
Unknown Person, 21:46  PM,20/12/2023
Unknown Person, 21:46  PM,20/12/2023
Unknown Person, 21:46  PM,20/12/2023
Unknown Person, 21:46  PM,20/12/2023
Unknown Person, 21:46  PM,20/12/2023
Unknown Person, 21:46  PM,20/12/2023
Unknown Person, 21:46  PM,20/12/2023
Unknown Person, 21:46  PM,20/12/2023
Unknown Person, 21:46  PM,20/12/2023
Unknown Person, 21:46  PM,20/12/2023
Unknown Person, 21:46  PM,20/12/2023
Unknown Person, 21:46  PM,20/12/2023
Unknown Person, 21:46  PM,20/12/2023
Unknown Person, 21:46  PM,20/12/2023
Unknown Person, 21:46  PM,20/12/2023
Unknown Person, 21:46  PM,20/12/2023
Unknown Person, 21:46  PM,20/12/2023
Unknown Person, 21:46  PM,20/12/2023
Unknown Person, 21:46  PM,20/12/2023
Unknown Person, 21:46  PM,20/12/2023
Unknown Person, 21:46  PM,20/12/2023
Unknown Person, 21:46  PM,20/12/2023
Unknown Person, 21:46  PM,20/12/2023
Unknown Person, 21:46  PM,20/12/2023
Unknown Person, 21:46  PM,20/12/2023
Unknown Person, 21:46  PM,20/12/2023
Unknown Person, 21:46  PM,20/12/2023
Unknown Person, 21:48  PM,20/12/2023
Unknown Person, 21:48  PM,20/12/2023
Unknown Person, 21:48  PM,20/12/2023
Unknown Person, 21:48  PM,20/12/2023
Unknown Person, 21:48  PM,20/12/2023
Unknown Person, 21:48  PM,20/12/2023
Unknown Person, 21:48  PM,20/12/2023
Unknown Person, 21:48  PM,20/12/2023
Unknown Person, 21:48  PM,20/12/2023
Unknown Person, 21:48  PM,20/12/2023
Unknown Person, 21:48  PM,20/12/2023
Unknown Person, 21:48  PM,20/12/2023
Unknown Person, 21:48  PM,20/12/2023
Unknown Person, 21:48  PM,20/12/2023
Unknown Person, 21:48  PM,20/12/2023
Unknown Person, 21:48  PM,20/12/2023
Unknown Person, 21:48  PM,20/12/2023
Unknown Person, 21:48  PM,20/12/2023
Unknown Person, 21:48  PM,20/12/2023
Unknown Person, 21:48  PM,20/12/2023
Unknown Person, 21:48  PM,20/12/2023
Unknown Person, 21:48  PM,20/12/2023
Unknown Person, 21:48  PM,20/12/2023
Unknown Person, 21:48  PM,20/12/2023
Unknown Person, 21:48  PM,20/12/2023
Unknown Person, 21:48  PM,20/12/2023
Unknown Person, 21:48  PM,20/12/2023
Unknown Person, 21:48  PM,20/12/2023
Unknown Person, 21:48  PM,20/12/2023
Unknown Person, 21:48  PM,20/12/2023
Unknown Person, 21:48  PM,20/12/2023
Unknown Person, 21:48  PM,20/12/2023
Unknown Person, 21:48  PM,20/12/2023
Unknown Person, 21:48  PM,20/12/2023
Unknown Person, 21:48  PM,20/12/2023
Unknown Person, 21:48  PM,20/12/2023
Unknown Person, 21:48  PM,20/12/2023
Unknown Person, 21:48  PM,20/12/2023
Unknown Person, 21:48  PM,20/12/2023
Unknown Person, 21:48  PM,20/12/2023
Unknown Person, 21:48  PM,20/12/2023
Unknown Person, 21:48  PM,20/12/2023
Unknown Person, 21:48  PM,20/12/2023
Unknown Person, 21:48  PM,20/12/2023
Unknown Person, 21:48  PM,20/12/2023
Unknown Person, 21:48  PM,20/12/2023
Unknown Person, 21:48  PM,20/12/2023
Unknown Person, 21:48  PM,20/12/2023
Unknown Person, 21:48  PM,20/12/2023
Unknown Person, 21:48  PM,20/12/2023
Unknown Person, 21:48  PM,20/12/2023
Unknown Person, 21:48  PM,20/12/2023
Unknown Person, 21:48  PM,20/12/2023
Unknown Person, 21:48  PM,20/12/2023
Unknown Person, 21:48  PM,20/12/2023
Unknown Person, 21:48  PM,20/12/2023
Unknown Person, 21:48  PM,20/12/2023
Unknown Person, 21:48  PM,20/12/2023
Unknown Person, 21:48  PM,20/12/2023
Unknown Person, 21:48  PM,20/12/2023
Unknown Person, 21:48  PM,20/12/2023
Unknown Person, 21:48  PM,20/12/2023
Unknown Person, 21:48  PM,20/12/2023
Unknown Person, 21:48  PM,20/12/2023
Unknown Person, 21:48  PM,20/12/2023
Unknown Person, 21:48  PM,20/12/2023
Unknown Person, 22:16  PM,20/12/2023
Unknown Person, 22:16  PM,20/12/2023
Unknown Person, 22:16  PM,20/12/2023
Unknown Person, 22:16  PM,20/12/2023
Unknown Person, 22:16  PM,20/12/2023
Unknown Person, 22:16  PM,20/12/2023
Unknown Person, 22:16  PM,20/12/2023
Unknown Person, 22:16  PM,20/12/2023
Unknown Person, 22:16  PM,20/12/2023
Unknown Person, 22:16  PM,20/12/2023
Unknown Person, 22:16  PM,20/12/2023
Unknown Person, 22:16  PM,20/12/2023
Unknown Person, 22:16  PM,20/12/2023
Unknown Person, 22:16  PM,20/12/2023
Unknown Person, 22:16  PM,20/12/2023
Unknown Person, 22:16  PM,20/12/2023
Unknown Person, 22:16  PM,20/12/2023
Unknown Person, 22:16  PM,20/12/2023
Unknown Person, 22:16  PM,20/12/2023
Unknown Person, 22:16  PM,20/12/2023
Unknown Person, 22:16  PM,20/12/2023
Unknown Person, 22:16  PM,20/12/2023
Unknown Person, 22:16  PM,20/12/2023
Unknown Person, 22:16  PM,20/12/2023
Unknown Person, 22:16  PM,20/12/2023
Unknown Person, 22:16  PM,20/12/2023
Unknown Person, 22:16  PM,20/12/2023
Unknown Person, 22:16  PM,20/12/2023
Unknown Person, 22:16  PM,20/12/2023
Unknown Person, 22:16  PM,20/12/2023
Unknown Person, 22:16  PM,20/12/2023
Unknown Person, 22:16  PM,20/12/2023
Unknown Person, 22:16  PM,20/12/2023
Unknown Person, 22:16  PM,20/12/2023
Unknown Person, 22:16  PM,20/12/2023
Unknown Person, 22:16  PM,20/12/2023
Unknown Person, 22:16  PM,20/12/2023
Unknown Person, 22:16  PM,20/12/2023
Unknown Person, 22:16  PM,20/12/2023
Unknown Person, 22:16  PM,20/12/2023
Unknown Person, 22:16  PM,20/12/2023
Unknown Person, 22:16  PM,20/12/2023
Unknown Person, 22:16  PM,20/12/2023
Unknown Person, 22:16  PM,20/12/2023
Unknown Person, 22:16  PM,20/12/2023
Unknown Person, 22:16  PM,20/12/2023
Unknown Person, 22:16  PM,20/12/2023
Unknown Person, 22:16  PM,20/12/2023
Unknown Person, 22:16  PM,20/12/2023
Unknown Person, 22:16  PM,20/12/2023
Unknown Person, 22:16  PM,20/12/2023
Unknown Person, 22:16  PM,20/12/2023
Unknown Person, 22:16  PM,20/12/2023
Unknown Person, 22:16  PM,20/12/2023
Unknown Person, 22:16  PM,20/12/2023
Unknown Person, 22:16  PM,20/12/2023
Unknown Person, 22:16  PM,20/12/2023
Unknown Person, 22:16  PM,20/12/2023
Unknown Person, 22:16  PM,20/12/2023
Unknown Person, 22:16  PM,20/12/2023
Unknown Person, 22:16  PM,20/12/2023
Unknown Person, 22:16  PM,20/12/2023
Unknown Person, 22:16  PM,20/12/2023
Unknown Person, 22:16  PM,20/12/2023
Unknown Person, 22:16  PM,20/12/2023
Unknown Person, 22:16  PM,20/12/2023
Unknown Person, 22:16  PM,20/12/2023
Unknown Person, 22:16  PM,20/12/2023
Unknown Person, 22:16  PM,20/12/2023
Unknown Person, 22:16  PM,20/12/2023
Unknown Person, 22:16  PM,20/12/2023
Unknown Person, 22:16  PM,20/12/2023
Unknown Person, 22:16  PM,20/12/2023
Unknown Person, 22:16  PM,20/12/2023
Unknown Person, 22:16  PM,20/12/2023
Unknown Person, 22:16  PM,20/12/2023
Unknown Person, 22:16  PM,20/12/2023
Unknown Person, 22:16  PM,20/12/2023
Unknown Person, 22:16  PM,20/12/2023
Unknown Person, 22:16  PM,20/12/2023
Unknown Person, 22:16  PM,20/12/2023
Unknown Person, 22:16  PM,20/12/2023
Unknown Person, 22:16  PM,20/12/2023
Unknown Person, 22:16  PM,20/12/2023
Unknown Person, 22:16  PM,20/12/2023
Unknown Person, 22:16  PM,20/12/2023
Unknown Person, 22:16  PM,20/12/2023
Unknown Person, 22:16  PM,20/12/2023
Unknown Person, 22:17  PM,20/12/2023
Unknown Person, 22:17  PM,20/12/2023
Unknown Person, 22:17  PM,20/12/2023
Unknown Person, 22:17  PM,20/12/2023
Unknown Person, 22:17  PM,20/12/2023
Unknown Person, 22:17  PM,20/12/2023
Unknown Person, 22:17  PM,20/12/2023
Unknown Person, 22:17  PM,20/12/2023
Unknown Person, 22:17  PM,20/12/2023
Unknown Person, 22:17  PM,20/12/2023
Unknown Person, 22:17  PM,20/12/2023
Unknown Person, 22:17  PM,20/12/2023
Unknown Person, 22:17  PM,20/12/2023
Unknown Person, 22:17  PM,20/12/2023
Unknown Person, 22:17  PM,20/12/2023
Unknown Person, 22:17  PM,20/12/2023
Unknown Person, 22:17  PM,20/12/2023
Unknown Person, 22:17  PM,20/12/2023
Unknown Person, 22:17  PM,20/12/2023
Unknown Person, 22:17  PM,20/12/2023
Unknown Person, 22:17  PM,20/12/2023
Unknown Person, 22:17  PM,20/12/2023
Unknown Person, 22:17  PM,20/12/2023
Unknown Person, 22:17  PM,20/12/2023
Unknown Person, 22:17  PM,20/12/2023
Unknown Person, 22:17  PM,20/12/2023
Unknown Person, 22:17  PM,20/12/2023
Unknown Person, 22:17  PM,20/12/2023
Unknown Person, 22:17  PM,20/12/2023
Unknown Person, 22:17  PM,20/12/2023
Unknown Person, 22:17  PM,20/12/2023
Unknown Person, 22:17  PM,20/12/2023
Unknown Person, 22:17  PM,20/12/2023
Unknown Person, 22:17  PM,20/12/2023
Unknown Person, 22:17  PM,20/12/2023
Unknown Person, 22:17  PM,20/12/2023
Unknown Person, 22:17  PM,20/12/2023
Unknown Person, 22:17  PM,20/12/2023
Unknown Person, 22:17  PM,20/12/2023
Unknown Person, 22:17  PM,20/12/2023
Unknown Person, 22:17  PM,20/12/2023
Unknown Person, 22:17  PM,20/12/2023
Unknown Person, 22:17  PM,20/12/2023
Unknown Person, 22:17  PM,20/12/2023
Unknown Person, 22:17  PM,20/12/2023
Unknown Person, 22:17  PM,20/12/2023
Unknown Person, 22:17  PM,20/12/2023
Unknown Person, 22:17  PM,20/12/2023
Unknown Person, 22:17  PM,20/12/2023
Unknown Person, 22:17  PM,20/12/2023
Unknown Person, 22:17  PM,20/12/2023
Unknown Person, 22:17  PM,20/12/2023
Unknown Person, 22:17  PM,20/12/2023
Unknown Person, 22:17  PM,20/12/2023
Unknown Person, 22:17  PM,20/12/2023
Unknown Person, 22:17  PM,20/12/2023
Unknown Person, 22:17  PM,20/12/2023
Unknown Person, 22:17  PM,20/12/2023
Unknown Person, 22:17  PM,20/12/2023
Unknown Person, 22:17  PM,20/12/2023
Unknown Person, 22:17  PM,20/12/2023
Unknown Person, 22:17  PM,20/12/2023
Unknown Person, 22:17  PM,20/12/2023
Unknown Person, 22:17  PM,20/12/2023
Unknown Person, 22:17  PM,20/12/2023
Unknown Person, 22:17  PM,20/12/2023
Unknown Person, 22:17  PM,20/12/2023
Unknown Person, 22:17  PM,20/12/2023
Unknown Person, 22:17  PM,20/12/2023
Unknown Person, 22:17  PM,20/12/2023
Unknown Person, 22:17  PM,20/12/2023
Unknown Person, 22:17  PM,20/12/2023
Unknown Person, 22:17  PM,20/12/2023
Unknown Person, 22:17  PM,20/12/2023
Unknown Person, 22:17  PM,20/12/2023
Unknown Person, 22:17  PM,20/12/2023
Unknown Person, 22:17  PM,20/12/2023
Unknown Person, 22:17  PM,20/12/2023
Unknown Person, 22:17  PM,20/12/2023
Unknown Person, 22:17  PM,20/12/2023
Unknown Person, 22:17  PM,20/12/2023
Unknown Person, 22:17  PM,20/12/2023
Unknown Person, 22:17  PM,20/12/2023
Unknown Person, 22:17  PM,20/12/2023
Unknown Person, 22:17  PM,20/12/2023
Unknown Person, 22:17  PM,20/12/2023
Unknown Person, 22:17  PM,20/12/2023
Unknown Person, 22:17  PM,20/12/2023
Unknown Person, 22:17  PM,20/12/2023
Unknown Person, 22:17  PM,20/12/2023
Unknown Person, 22:17  PM,20/12/2023
Unknown Person, 22:17  PM,20/12/2023
Unknown Person, 22:17  PM,20/12/2023
Unknown Person, 22:17  PM,20/12/2023
Unknown Person, 22:17  PM,20/12/2023
Unknown Person, 22:17  PM,20/12/2023
Unknown Person, 22:17  PM,20/12/2023
Unknown Person, 22:17  PM,20/12/2023
Unknown Person, 22:17  PM,20/12/2023
Unknown Person, 22:17  PM,20/12/2023
Unknown Person, 22:17  PM,20/12/2023
Unknown Person, 22:17  PM,20/12/2023
Unknown Person, 22:17  PM,20/12/2023
Unknown Person, 22:17  PM,20/12/2023
Unknown Person, 22:17  PM,20/12/2023
Unknown Person, 22:17  PM,20/12/2023
Unknown Person, 22:17  PM,20/12/2023
Unknown Person, 22:17  PM,20/12/2023
Unknown Person, 22:17  PM,20/12/2023
Unknown Person, 22:17  PM,20/12/2023
Unknown Person, 22:18  PM,20/12/2023
Unknown Person, 22:18  PM,20/12/2023
Unknown Person, 22:18  PM,20/12/2023
Unknown Person, 22:18  PM,20/12/2023
Unknown Person, 22:18  PM,20/12/2023
Unknown Person, 22:18  PM,20/12/2023
Unknown Person, 22:18  PM,20/12/2023
Unknown Person, 22:18  PM,20/12/2023
Unknown Person, 22:18  PM,20/12/2023
Unknown Person, 22:18  PM,20/12/2023
Unknown Person, 22:18  PM,20/12/2023
Unknown Person, 22:18  PM,20/12/2023
Unknown Person, 22:18  PM,20/12/2023
Unknown Person, 22:18  PM,20/12/2023
Unknown Person, 22:18  PM,20/12/2023
Unknown Person, 22:18  PM,20/12/2023
Unknown Person, 22:18  PM,20/12/2023
Unknown Person, 22:18  PM,20/12/2023
Unknown Person, 22:18  PM,20/12/2023
Unknown Person, 22:18  PM,20/12/2023
Unknown Person, 22:18  PM,20/12/2023
Unknown Person, 22:18  PM,20/12/2023
Unknown Person, 22:18  PM,20/12/2023
Unknown Person, 22:18  PM,20/12/2023
Unknown Person, 22:18  PM,20/12/2023
Unknown Person, 22:18  PM,20/12/2023
Unknown Person, 22:18  PM,20/12/2023
Unknown Person, 22:18  PM,20/12/2023
Unknown Person, 22:18  PM,20/12/2023
Unknown Person, 22:18  PM,20/12/2023
Unknown Person, 22:18  PM,20/12/2023
Unknown Person, 22:18  PM,20/12/2023
Unknown Person, 22:18  PM,20/12/2023
Unknown Person, 22:18  PM,20/12/2023
Unknown Person, 22:18  PM,20/12/2023
Unknown Person, 22:18  PM,20/12/2023
Unknown Person, 22:18  PM,20/12/2023
Unknown Person, 22:18  PM,20/12/2023
Unknown Person, 22:18  PM,20/12/2023
Unknown Person, 22:18  PM,20/12/2023
Unknown Person, 22:18  PM,20/12/2023
Unknown Person, 22:18  PM,20/12/2023
Unknown Person, 22:18  PM,20/12/2023
Unknown Person, 22:18  PM,20/12/2023
Unknown Person, 22:18  PM,20/12/2023
Unknown Person, 22:18  PM,20/12/2023
Unknown Person, 22:18  PM,20/12/2023
Unknown Person, 22:18  PM,20/12/2023
Unknown Person, 22:18  PM,20/12/2023
Unknown Person, 22:18  PM,20/12/2023
Unknown Person, 22:18  PM,20/12/2023
Unknown Person, 22:18  PM,20/12/2023
Unknown Person, 22:18  PM,20/12/2023
Unknown Person, 22:18  PM,20/12/2023
Unknown Person, 22:18  PM,20/12/2023
Unknown Person, 22:18  PM,20/12/2023
Unknown Person, 22:18  PM,20/12/2023
Unknown Person, 22:18  PM,20/12/2023
Unknown Person, 22:18  PM,20/12/2023
Unknown Person, 22:18  PM,20/12/2023
Unknown Person, 22:18  PM,20/12/2023
Unknown Person, 22:18  PM,20/12/2023
Unknown Person, 22:18  PM,20/12/2023
Unknown Person, 22:18  PM,20/12/2023
Unknown Person, 22:18  PM,20/12/2023
Unknown Person, 22:18  PM,20/12/2023
Unknown Person, 22:18  PM,20/12/2023
Unknown Person, 22:18  PM,20/12/2023
Unknown Person, 22:18  PM,20/12/2023
Unknown Person, 22:18  PM,20/12/2023
Unknown Person, 22:18  PM,20/12/2023
Unknown Person, 22:18  PM,20/12/2023
Unknown Person, 22:18  PM,20/12/2023
Unknown Person, 22:18  PM,20/12/2023
Unknown Person, 22:18  PM,20/12/2023
Unknown Person, 22:18  PM,20/12/2023
Unknown Person, 22:18  PM,20/12/2023
Unknown Person, 22:18  PM,20/12/2023
Unknown Person, 22:18  PM,20/12/2023
Unknown Person, 22:18  PM,20/12/2023
Unknown Person, 22:18  PM,20/12/2023
Unknown Person, 22:18  PM,20/12/2023
Unknown Person, 22:18  PM,20/12/2023
Unknown Person, 22:18  PM,20/12/2023
Unknown Person, 22:18  PM,20/12/2023
Unknown Person, 22:18  PM,20/12/2023
Unknown Person, 22:18  PM,20/12/2023
Unknown Person, 22:18  PM,20/12/2023
Unknown Person, 22:18  PM,20/12/2023
Unknown Person, 22:18  PM,20/12/2023
Unknown Person, 22:18  PM,20/12/2023
Unknown Person, 22:18  PM,20/12/2023
Unknown Person, 22:18  PM,20/12/2023
Unknown Person, 22:18  PM,20/12/2023
Unknown Person, 22:18  PM,20/12/2023
Unknown Person, 22:18  PM,20/12/2023
Unknown Person, 22:18  PM,20/12/2023
Unknown Person, 22:18  PM,20/12/2023
Unknown Person, 22:18  PM,20/12/2023
Unknown Person, 22:19  PM,20/12/2023
Unknown Person, 22:19  PM,20/12/2023
Unknown Person, 22:19  PM,20/12/2023
Unknown Person, 22:19  PM,20/12/2023
Unknown Person, 22:19  PM,20/12/2023
Unknown Person, 22:19  PM,20/12/2023
Unknown Person, 22:19  PM,20/12/2023
Unknown Person, 22:19  PM,20/12/2023
Unknown Person, 22:19  PM,20/12/2023
Unknown Person, 22:19  PM,20/12/2023
Unknown Person, 22:19  PM,20/12/2023
Unknown Person, 22:19  PM,20/12/2023
Unknown Person, 22:19  PM,20/12/2023
Unknown Person, 22:19  PM,20/12/2023
Unknown Person, 22:19  PM,20/12/2023
Unknown Person, 22:19  PM,20/12/2023
Unknown Person, 22:19  PM,20/12/2023
Unknown Person, 22:19  PM,20/12/2023
Unknown Person, 22:19  PM,20/12/2023
Unknown Person, 22:19  PM,20/12/2023
Unknown Person, 22:19  PM,20/12/2023
Unknown Person, 22:19  PM,20/12/2023
Unknown Person, 22:19  PM,20/12/2023
Unknown Person, 22:19  PM,20/12/2023
Unknown Person, 22:19  PM,20/12/2023
Unknown Person, 22:19  PM,20/12/2023
Unknown Person, 22:19  PM,20/12/2023
Unknown Person, 22:19  PM,20/12/2023
Unknown Person, 22:19  PM,20/12/2023
Unknown Person, 22:19  PM,20/12/2023
Unknown Person, 22:19  PM,20/12/2023
Unknown Person, 22:19  PM,20/12/2023
Unknown Person, 22:19  PM,20/12/2023
Unknown Person, 22:19  PM,20/12/2023
Unknown Person, 22:19  PM,20/12/2023
Unknown Person, 22:19  PM,20/12/2023
Unknown Person, 22:19  PM,20/12/2023
Unknown Person, 22:19  PM,20/12/2023
Unknown Person, 22:19  PM,20/12/2023
Unknown Person, 22:19  PM,20/12/2023
Unknown Person, 22:19  PM,20/12/2023
Unknown Person, 22:19  PM,20/12/2023
Unknown Person, 22:19  PM,20/12/2023
Unknown Person, 22:19  PM,20/12/2023
Unknown Person, 22:19  PM,20/12/2023
Unknown Person, 22:19  PM,20/12/2023
Unknown Person, 22:19  PM,20/12/2023
Unknown Person, 22:19  PM,20/12/2023
Unknown Person, 22:19  PM,20/12/2023
Unknown Person, 22:19  PM,20/12/2023
Unknown Person, 22:19  PM,20/12/2023
Unknown Person, 22:19  PM,20/12/2023
Unknown Person, 22:19  PM,20/12/2023
Unknown Person, 22:19  PM,20/12/2023
Unknown Person, 22:19  PM,20/12/2023
Unknown Person, 22:19  PM,20/12/2023
Unknown Person, 22:19  PM,20/12/2023
Unknown Person, 22:19  PM,20/12/2023
Unknown Person, 22:19  PM,20/12/2023
Unknown Person, 22:19  PM,20/12/2023
Unknown Person, 22:19  PM,20/12/2023
Unknown Person, 22:19  PM,20/12/2023
Unknown Person, 22:19  PM,20/12/2023
Unknown Person, 22:19  PM,20/12/2023
Unknown Person, 22:19  PM,20/12/2023
Unknown Person, 22:19  PM,20/12/2023
Unknown Person, 22:19  PM,20/12/2023
Unknown Person, 22:19  PM,20/12/2023
Unknown Person, 22:19  PM,20/12/2023
Unknown Person, 22:19  PM,20/12/2023
Unknown Person, 22:19  PM,20/12/2023
Unknown Person, 22:19  PM,20/12/2023
Unknown Person, 22:19  PM,20/12/2023
Unknown Person, 22:19  PM,20/12/2023
Unknown Person, 22:19  PM,20/12/2023
Unknown Person, 22:19  PM,20/12/2023
Unknown Person, 22:19  PM,20/12/2023
Unknown Person, 22:19  PM,20/12/2023
Unknown Person, 22:19  PM,20/12/2023
Unknown Person, 22:19  PM,20/12/2023
Unknown Person, 22:19  PM,20/12/2023
Unknown Person, 22:19  PM,20/12/2023
Unknown Person, 22:19  PM,20/12/2023
Unknown Person, 22:19  PM,20/12/2023
Unknown Person, 22:19  PM,20/12/2023
Unknown Person, 22:19  PM,20/12/2023
Unknown Person, 22:19  PM,20/12/2023
Unknown Person, 22:19  PM,20/12/2023
Unknown Person, 22:19  PM,20/12/2023
Unknown Person, 22:19  PM,20/12/2023
Unknown Person, 22:19  PM,20/12/2023
Unknown Person, 22:19  PM,20/12/2023
Unknown Person, 22:19  PM,20/12/2023
Unknown Person, 22:19  PM,20/12/2023
Unknown Person, 22:19  PM,20/12/2023
Unknown Person, 22:19  PM,20/12/2023
Unknown Person, 22:19  PM,20/12/2023
Unknown Person, 22:19  PM,20/12/2023
Unknown Person, 22:19  PM,20/12/2023
Unknown Person, 22:19  PM,20/12/2023
Unknown Person, 22:19  PM,20/12/2023
Unknown Person, 22:19  PM,20/12/2023
Unknown Person, 22:19  PM,20/12/2023
Unknown Person, 22:19  PM,20/12/2023
Unknown Person, 22:19  PM,20/12/2023
Unknown Person, 22:19  PM,20/12/2023
Unknown Person, 22:19  PM,20/12/2023
Unknown Person, 22:19  PM,20/12/2023
Unknown Person, 22:19  PM,20/12/2023
Unknown Person, 22:19  PM,20/12/2023
Unknown Person, 22:19  PM,20/12/2023
Unknown Person, 22:19  PM,20/12/2023
Unknown Person, 22:19  PM,20/12/2023
Unknown Person, 22:19  PM,20/12/2023
Unknown Person, 22:19  PM,20/12/2023
Unknown Person, 22:19  PM,20/12/2023
Unknown Person, 22:19  PM,20/12/2023
Unknown Person, 22:19  PM,20/12/2023
Unknown Person, 22:19  PM,20/12/2023
Unknown Person, 22:19  PM,20/12/2023
Unknown Person, 23:28  PM,20/12/2023
Unknown Person, 23:28  PM,20/12/2023
Unknown Person, 23:28  PM,20/12/2023
Unknown Person, 23:28  PM,20/12/2023
Unknown Person, 23:28  PM,20/12/2023
Unknown Person, 23:28  PM,20/12/2023
Unknown Person, 23:28  PM,20/12/2023
Unknown Person, 23:28  PM,20/12/2023
Unknown Person, 23:28  PM,20/12/2023
Unknown Person, 23:28  PM,20/12/2023
Unknown Person, 23:28  PM,20/12/2023
Unknown Person, 23:28  PM,20/12/2023
Unknown Person, 23:28  PM,20/12/2023
Unknown Person, 23:28  PM,20/12/2023
Unknown Person, 23:28  PM,20/12/2023
Unknown Person, 23:28  PM,20/12/2023
Unknown Person, 23:28  PM,20/12/2023
Unknown Person, 23:28  PM,20/12/2023
Unknown Person, 23:28  PM,20/12/2023
Unknown Person, 23:28  PM,20/12/2023
Unknown Person, 23:28  PM,20/12/2023
Unknown Person, 23:28  PM,20/12/2023
Unknown Person, 23:28  PM,20/12/2023
Unknown Person, 23:28  PM,20/12/2023
Unknown Person, 23:28  PM,20/12/2023
Unknown Person, 23:28  PM,20/12/2023
Unknown Person, 23:28  PM,20/12/2023
Unknown Person, 23:28  PM,20/12/2023
Unknown Person, 23:28  PM,20/12/2023
Unknown Person, 23:28  PM,20/12/2023
Unknown Person, 23:28  PM,20/12/2023
Unknown Person, 23:28  PM,20/12/2023
Unknown Person, 23:28  PM,20/12/2023
Unknown Person, 23:28  PM,20/12/2023
Unknown Person, 23:28  PM,20/12/2023
Unknown Person, 23:28  PM,20/12/2023
Unknown Person, 23:28  PM,20/12/2023
Unknown Person, 23:28  PM,20/12/2023
Unknown Person, 23:28  PM,20/12/2023
Unknown Person, 23:28  PM,20/12/2023
Unknown Person, 23:28  PM,20/12/2023
Unknown Person, 23:28  PM,20/12/2023
Unknown Person, 23:28  PM,20/12/2023
Unknown Person, 23:56  PM,20/12/2023
Unknown Person, 23:56  PM,20/12/2023
Unknown Person, 08:24  AM,21/12/2023
Unknown Person, 12:43  PM,21/12/2023
Unknown Person, 12:43  PM,21/12/2023
Unknown Person, 12:43  PM,21/12/2023
Unknown Person, 12:43  PM,21/12/2023
Unknown Person, 12:43  PM,21/12/2023
Unknown Person, 12:43  PM,21/12/2023
Unknown Person, 12:43  PM,21/12/2023
Unknown Person, 12:43  PM,21/12/2023
Unknown Person, 12:43  PM,21/12/2023
Unknown Person, 12:43  PM,21/12/2023
Unknown Person, 12:43  PM,21/12/2023
Unknown Person, 12:43  PM,21/12/2023
Unknown Person, 12:43  PM,21/12/2023
Unknown Person, 12:43  PM,21/12/2023
Unknown Person, 12:43  PM,21/12/2023
Unknown Person, 12:43  PM,21/12/2023
Unknown Person, 12:43  PM,21/12/2023
Unknown Person, 12:43  PM,21/12/2023
Unknown Person, 12:43  PM,21/12/2023
Unknown Person, 12:43  PM,21/12/2023
Unknown Person, 12:43  PM,21/12/2023
Unknown Person, 12:43  PM,21/12/2023
Unknown Person, 12:43  PM,21/12/2023
Unknown Person, 12:43  PM,21/12/2023
Unknown Person, 12:43  PM,21/12/2023
Unknown Person, 12:43  PM,21/12/2023
Unknown Person, 12:43  PM,21/12/2023
Unknown Person, 12:43  PM,21/12/2023
Unknown Person, 12:43  PM,21/12/2023
Unknown Person, 12:43  PM,21/12/2023
Unknown Person, 12:43  PM,21/12/2023
Unknown Person, 12:43  PM,21/12/2023
Unknown Person, 12:43  PM,21/12/2023
Unknown Person, 12:43  PM,21/12/2023
Unknown Person, 12:43  PM,21/12/2023
Unknown Person, 12:43  PM,21/12/2023
Unknown Person, 12:43  PM,21/12/2023
Unknown Person, 12:43  PM,21/12/2023
Unknown Person, 12:43  PM,21/12/2023
Unknown Person, 12:43  PM,21/12/2023
Unknown Person, 12:44  PM,21/12/2023
Unknown Person, 12:44  PM,21/12/2023
Unknown Person, 12:44  PM,21/12/2023
Unknown Person, 12:44  PM,21/12/2023
Unknown Person, 12:44  PM,21/12/2023
Unknown Person, 12:44  PM,21/12/2023
Unknown Person, 12:44  PM,21/12/2023
Unknown Person, 12:44  PM,21/12/2023
Unknown Person, 12:44  PM,21/12/2023
Unknown Person, 12:44  PM,21/12/2023
Unknown Person, 12:44  PM,21/12/2023
Unknown Person, 12:44  PM,21/12/2023
Unknown Person, 12:44  PM,21/12/2023
Unknown Person, 12:44  PM,21/12/2023
Unknown Person, 12:44  PM,21/12/2023
Unknown Person, 12:44  PM,21/12/2023
Unknown Person, 12:44  PM,21/12/2023
Unknown Person, 12:44  PM,21/12/2023
Unknown Person, 12:45  PM,21/12/2023
Unknown Person, 12:45  PM,21/12/2023
Unknown Person, 12:45  PM,21/12/2023
Unknown Person, 12:45  PM,21/12/2023
Unknown Person, 12:45  PM,21/12/2023
Unknown Person, 12:45  PM,21/12/2023
Unknown Person, 12:45  PM,21/12/2023
Unknown Person, 12:45  PM,21/12/2023
Unknown Person, 12:45  PM,21/12/2023
Unknown Person, 12:45  PM,21/12/2023
Unknown Person, 12:45  PM,21/12/2023
Unknown Person, 12:45  PM,21/12/2023
Unknown Person, 12:45  PM,21/12/2023
Unknown Person, 12:45  PM,21/12/2023
Unknown Person, 12:45  PM,21/12/2023
Unknown Person, 12:45  PM,21/12/2023
Unknown Person, 12:45  PM,21/12/2023
Unknown Person, 12:45  PM,21/12/2023
Unknown Person, 12:45  PM,21/12/2023
Unknown Person, 12:45  PM,21/12/2023
Unknown Person, 12:45  PM,21/12/2023
Unknown Person, 12:45  PM,21/12/2023
Unknown Person, 12:45  PM,21/12/2023
Unknown Person, 12:45  PM,21/12/2023
Unknown Person, 12:45  PM,21/12/2023
Unknown Person, 12:45  PM,21/12/2023
Unknown Person, 12:45  PM,21/12/2023
Unknown Person, 12:45  PM,21/12/2023
Unknown Person, 12:45  PM,21/12/2023
Unknown Person, 12:45  PM,21/12/2023
Unknown Person, 12:45  PM,21/12/2023
Unknown Person, 12:45  PM,21/12/2023
Unknown Person, 12:45  PM,21/12/2023
Unknown Person, 12:45  PM,21/12/2023
Unknown Person, 12:45  PM,21/12/2023
Unknown Person, 12:45  PM,21/12/2023
Unknown Person, 12:45  PM,21/12/2023
Unknown Person, 12:45  PM,21/12/2023
Unknown Person, 12:45  PM,21/12/2023
Unknown Person, 12:45  PM,21/12/2023
Unknown Person, 12:46  PM,21/12/2023
Unknown Person, 12:46  PM,21/12/2023
Unknown Person, 12:46  PM,21/12/2023
Unknown Person, 12:46  PM,21/12/2023
Unknown Person, 12:46  PM,21/12/2023
Unknown Person, 12:46  PM,21/12/2023
Unknown Person, 12:46  PM,21/12/2023
Unknown Person, 12:46  PM,21/12/2023
Unknown Person, 12:46  PM,21/12/2023
Unknown Person, 12:46  PM,21/12/2023
Unknown Person, 12:46  PM,21/12/2023
Unknown Person, 12:46  PM,21/12/2023
Unknown Person, 12:46  PM,21/12/2023
Unknown Person, 12:46  PM,21/12/2023
Unknown Person, 12:46  PM,21/12/2023
Unknown Person, 12:46  PM,21/12/2023
Unknown Person, 12:46  PM,21/12/2023
Unknown Person, 12:46  PM,21/12/2023
Unknown Person, 12:46  PM,21/12/2023
Unknown Person, 12:46  PM,21/12/2023
Unknown Person, 12:46  PM,21/12/2023
Unknown Person, 12:46  PM,21/12/2023
Unknown Person, 12:46  PM,21/12/2023
Unknown Person, 12:46  PM,21/12/2023
Unknown Person, 12:46  PM,21/12/2023
Unknown Person, 12:46  PM,21/12/2023
Unknown Person, 12:46  PM,21/12/2023
Unknown Person, 12:46  PM,21/12/2023
Unknown Person, 12:46  PM,21/12/2023
Unknown Person, 12:46  PM,21/12/2023
Unknown Person, 12:46  PM,21/12/2023
Unknown Person, 12:46  PM,21/12/2023
Unknown Person, 12:46  PM,21/12/2023
Unknown Person, 12:46  PM,21/12/2023
Unknown Person, 12:46  PM,21/12/2023
Unknown Person, 12:46  PM,21/12/2023
Unknown Person, 12:46  PM,21/12/2023
Unknown Person, 12:46  PM,21/12/2023
Unknown Person, 12:46  PM,21/12/2023
Unknown Person, 12:46  PM,21/12/2023
Unknown Person, 12:46  PM,21/12/2023
Unknown Person, 12:46  PM,21/12/2023
Unknown Person, 12:46  PM,21/12/2023
Unknown Person, 12:46  PM,21/12/2023
Unknown Person, 12:46  PM,21/12/2023
Unknown Person, 12:46  PM,21/12/2023
Unknown Person, 12:46  PM,21/12/2023
Unknown Person, 12:46  PM,21/12/2023
Unknown Person, 12:46  PM,21/12/2023
Unknown Person, 08:36  AM,22/12/2023
Unknown Person, 08:36  AM,22/12/2023
Unknown Person, 08:39  AM,22/12/2023
Unknown Person, 16:42  PM,2/5/2024
Unknown Person, 16:42  PM,2/5/2024
Unknown Person, 16:42  PM,2/5/2024
Unknown Person, 16:42  PM,2/5/2024
Unknown Person, 16:42  PM,2/5/2024
Unknown Person, 16:42  PM,2/5/2024
Unknown Person, 16:42  PM,2/5/2024
Unknown Person, 16:42  PM,2/5/2024
Unknown Person, 16:43  PM,2/5/2024
Unknown Person, 16:45  PM,2/5/2024
Unknown Person, 16:45  PM,2/5/2024
Unknown Person, 16:45  PM,2/5/2024
Unknown Person, 16:45  PM,2/5/2024
Unknown Person, 16:45  PM,2/5/2024
Unknown Person, 16:45  PM,2/5/2024
Unknown Person, 16:45  PM,2/5/2024
Unknown Person, 16:45  PM,2/5/2024
Unknown Person, 16:45  PM,2/5/2024
Unknown Person, 16:45  PM,2/5/2024
Unknown Person, 16:45  PM,2/5/2024
Unknown Person, 16:45  PM,2/5/2024
Unknown Person, 16:45  PM,2/5/2024
Unknown Person, 16:45  PM,2/5/2024
Unknown Person, 16:45  PM,2/5/2024
Unknown Person, 16:45  PM,2/5/2024
Unknown Person, 16:45  PM,2/5/2024
Unknown Person, 16:45  PM,2/5/2024
Unknown Person, 16:45  PM,2/5/2024
Unknown Person, 16:45  PM,2/5/2024
Unknown Person, 16:46  PM,2/5/2024
Unknown Person, 16:46  PM,2/5/2024
Unknown Person, 16:46  PM,2/5/2024
Unknown Person, 16:46  PM,2/5/2024
Unknown Person, 16:46  PM,2/5/2024
Unknown Person, 16:46  PM,2/5/2024
Unknown Person, 16:46  PM,2/5/2024
Unknown Person, 16:46  PM,2/5/2024
Unknown Person, 16:46  PM,2/5/2024
Unknown Person, 16:46  PM,2/5/2024
Unknown Person, 16:46  PM,2/5/2024
Unknown Person, 16:46  PM,2/5/2024
Unknown Person, 16:46  PM,2/5/2024
Unknown Person, 16:46  PM,2/5/2024
Unknown Person, 16:46  PM,2/5/2024
Unknown Person, 16:46  PM,2/5/2024
Unknown Person, 16:46  PM,2/5/2024
Unknown Person, 16:46  PM,2/5/2024
Unknown Person, 16:46  PM,2/5/2024
Unknown Person, 16:46  PM,2/5/2024
Unknown Person, 16:46  PM,2/5/2024
Unknown Person, 16:46  PM,2/5/2024
Unknown Person, 08:32  AM,3/2/2024
Unknown Person, 08:32  AM,3/2/2024
Unknown Person, 08:32  AM,3/2/2024
Unknown Person, 08:32  AM,3/2/2024
Unknown Person, 08:32  AM,3/2/2024
Unknown Person, 08:41  AM,3/2/2024
Unknown Person, 08:41  AM,3/2/2024
Unknown Person, 08:41  AM,3/2/2024
Unknown Person, 08:41  AM,3/2/2024
Unknown Person, 08:42  AM,3/2/2024
Unknown Person, 08:42  AM,3/2/2024
Unknown Person, 08:42  AM,3/2/2024